Description,Ticker,Field ID,Field Mnemonic,Data State,Nov-23,Oct-23,Sep-23,Aug-23,Jul-23,Jun-23,May-23,Apr-23,Mar-23,Feb-23,Jan-23,Dec-22,Nov-22,Oct-22,Sep-22,Aug-22,Jul-22,Jun-22,May-22,Apr-22,Mar-22,Feb-22,Jan-22,Dec-21,Nov-21,Oct-21,Sep-21,Aug-21,Jul-21,Jun-21,May-21,Apr-21,Mar-21,Feb-21,Jan-21,Dec-20,Nov-20,Oct-20,Sep-20,Aug-20,Jul-20,Jun-20,May-20,Apr-20,Mar-20,Feb-20,Jan-20,Dec-19,Nov-19,Oct-19,Sep-19,Aug-19,Jul-19,Jun-19,May-19,Apr-19,Mar-19,Feb-19,Jan-19,Dec-18,Nov-18,Oct-18,Sep-18,Aug-18,Jul-18,Jun-18,May-18,Apr-18,Mar-18,Feb-18,Jan-18,Dec-17,Nov-17,Oct-17,Sep-17,Aug-17,Jul-17,Jun-17,May-17,Apr-17,Mar-17,Feb-17,Jan-17,Dec-16
Monthly Boeing/Airbus Orders (Units).,,,,Heading,,,,,,,,,,,,,,,,,,,,,,,,,,,,,,,,,,,,,,,,,,,,,,,,,,,,,,,,,,,,,,,,,,,,,,,,,,,,,,,,,,,,
Narrowbody Unit Orders,,,,Sum,,83,13,87,49,835,,1,-1,65,36,-21,12,163,8,,399,50,9,92,91,86,-14,130,227,-8,1,94,-5,68,2,26,20,-80,,-5,-11,8,-3,1,4,,,9,25,,265,49,142,403,20,16,-37,145,1,,3,-21,-5,375,37,66,37,5,,48,9,62,2,20,15,767,45,17,40,10,-2,132,30,6,14,-6,1,261
    Airbus,AIR FP Equity,BI047,BICS_SEGMENT_DATA,Dynamic,,83,13,87,49,835,0,1,-1,65,36,-21,12,163,8,0,399,50,9,92,91,86,-14,130,227,-8,1,94,-5,68,2,26,20,-80,0,-5,-11,8,-3,1,4,0,0,9,25,0,265,49,142,403,20,16,-37,145,1,0,3,-21,-5,375,37,66,37,5,0,48,9,62,2,20,15,767,45,17,40,10,-2,132,30,6,14,-6,1,261
    Boeing,BA US Equity,BI047,BICS_SEGMENT_DATA,Dynamic,,,,,,,,,,,,,,,,,,,,,,,,,,,,,,,,,,,,,,,,,,,,,,,,,,,,,,,,,,,,,,,,,,,,,,,,,,,,,,,,,,,,
Widebody Unit Orders,,,,Sum,,12,67,7,40,75,3,18,14,23,22,115,6,16,46,-2,-3,13,17,3,-60,-14,20,32,16,,15,21,10,20,9,9,-4,23,-4,-18,2,,,,,,5,,4,13,4,-2,25,19,14,6,59,9,-1,,77,-60,10,14,10,24,26,4,20,75,32,26,,8,,19,16,12,27,2,13,78,30,13,13,1,19,68
    Boeing,BA US Equity,BI047,BICS_SEGMENT_DATA,Dynamic,,12,67,7,40,75,3,18,14,0,22,99,3,16,44,17,0,-5,13,0,3,1,22,23,0,0,15,16,10,19,7,9,-4,24,-4,6,2,0,0,0,0,1,5,0,13,13,0,-2,-9,7,2,6,31,9,-1,0,40,4,18,22,7,6,26,4,12,28,16,47,,,,10,16,12,11,2,9,80,10,2,13,5,18,8
    Airbus,AIR FP Equity,BI047,BICS_SEGMENT_DATA,Dynamic,,,,,,,,,,23,0,16,3,0,2,-19,-3,18,4,3,-63,-15,-2,9,16,0,0,5,0,1,2,0,0,-1,0,-24,0,0,0,0,0,-1,0,0,-9,0,4,0,34,12,12,0,28,0,0,0,37,-64,-8,-8,3,18,0,0,8,47,16,-21,0,8,0,9,0,0,16,0,4,-2,20,11,0,-4,1,60
,,,,Static,,,,,,,,,,,,,,,,,,,,,,,,,,,,,,,,,,,,,,,,,,,,,,,,,,,,,,,,,,,,,,,,,,,,,,,,,,,,,,,,,,,,
,,,,Static,,,,,,,,,,,,,,,,,,,,,,,,,,,,,,,,,,,,,,,,,,,,,,,,,,,,,,,,,,,,,,,,,,,,,,,,,,,,,,,,,,,,
Airline 5yr CDS,,,,Average,230.6118792,269.7408342,238.0468758,216.3333338,202.7654167,216.0291667,242.9502083,263.9897917,259.0143763,227.053125,245.8072917,315.3791667,300.4702121,337.7383333,413.0129083,387.8291667,402.8075,423.4679167,316.446875,296.3264583,284.0316667,255.3158333,246.42625,234.400625,251.6397917,227.5664583,227.0125,225.3920833,222.3604167,199.9075,212.55,225.2570833,245.0347917,256.2710417,304.5245833,289.2691667,321.595625,595.5883333,533.6321875,519.9114583,775.6929792,602.3073958,615.4870833,597.0670833,395.7632292,179.8255208,125.0460417,109.4810429,112.8038542,123.8041667,128.3133333,117.033125,114.2451042,124.8139575,137.9803125,136.235,145.4873958,131.8297917,141.4566667,166.1695833,146.9430208,150.1625,148.5489596,148.8283327,150.1956238,160.5558333,152.4636458,139.5396875,126.6352083,120.9986446,121.5917708,136.1855208,139.70125,146.3659369,149.5972917,149.5671875,152.9364583,157.9226035,162.7439583,176.7781256,183.7596869,198.52625,202.4259375,209.5151042
    North America,,,,Average,501.83085,585.5341667,509.9941667,446.258335,417.8741667,429.6175,501.4083333,566.3441667,551.9933333,467.9541667,489.3316667,662.4333333,580.0858483,632.3666667,818.9658333,782.9208333,758.61,883.3258333,604.645,544.3191667,553.6283333,452.905,453.4858333,404.9916667,436.465,398.89,405.8033333,400.2591667,392.1725,348.6233333,361.9525,402.1825,443.2608333,472.2058333,596.7891667,612.45,723.8316667,1461.423333,1252.34,1231.008333,2204.113167,1551.388333,1459.843333,1477.860833,709.5641667,252.4983333,120.2116667,90.08166667,88.68166667,104.7566667,125.7583333,116.555,102.5041667,122.218335,157.0675,148.51,176.9383333,154.8691667,161.7041667,206.8558333,162.3708333,175.2725,158.0108333,161.9208333,170.45,196.8958333,184.8383333,181.8675,165.7933333,144.3083333,148.1658333,171.7833333,170.5275,175.5725,173.3841667,171.615,171.4458333,175.8391667,179.0783333,220.59,228.175,258.445,238.5225,262.5516667
        Delta Airlines,CDAL1U5 CMAN Curncy,PR005,PX_LAST,Dynamic,220.995,276.6,225.82,177.295,161.525,174.93,229.595,259.415,287.825,247.54,248.88,372.135,343.215,368.77,542.485,503.165,455.84,583.12,366.615,306.845,324.5,272.305,260.545,221.885,264.05,230.14,230.52,236.81,264.19,233.455,234.395,251.15,291.365,277.965,348.12,364.1,414.095,635.42,699.07,693.53,748.11,783.92,853.97,922.375,701.395,134.98,78.845,73,75.005,89.66,98.635,89.665,86.28,98.23,115.6,105.675,117.83,110.52,110.155,127.38,103.025,104.505,100.165,106.045,104.99,122.435,119.57,126.455,114.94,101.19,110.265,113.23,105.24,104.07,101.705,96.77,100.205,105,110.12,108.17,118.755,182.83,196.09,201.22
        Continental Airlines,CT355324 CMAN Curncy,PR005,PX_LAST,Dynamic,646.54,715.09,623.215,515.22,474.05,520.13,595.91,683.83,673.095,531.43,561.065,700.49,610.75,639.88,934.56,846.325,828.655,981.245,638.92,591.275,617.705,466.82,480.185,417.705,438.795,430.57,436.065,434.95,408.425,360.975,368.48,408.065,438.57,470.07,603.235,571.5,625.71,937.6,837.28,792.755,916.535,996.43,1329.865,1243.96,759.01,348.815,151.95,98.305,90.515,112.68,135.465,128.87,107.475,131.425,178.195,170.545,208.695,168.96,185.985,254.245,194.395,220.475,190.14,195.04,203.005,250.065,241.105,233.63,220.05,188.06,196.35,252.425,258.12,260.835,253.34,268.17,268.975,269.28,272.27,430.125,425.92,464.65,307.235,364.395
        United Continental Airlines,CY003677 CMAN Curncy,PR005,PX_LAST,Dynamic,641.95,796.74,662.115,585.495,541.7,544.005,664.69,765.245,730.99,601.705,630.015,912.23,766.1,817.16,1123.695,1151.735,1096.185,1273.79,805.175,763.545,772.83,601.5,606.855,519.515,548.78,544.16,548.48,538.195,510.88,445.785,452.425,485.7,531.895,526.225,756.135,752.54,739.59,1361.905,1183.44,1146.005,1286.975,1403.945,1861.75,1757.59,1098.245,437.3,190.935,123.31,113.155,141.195,169.71,160.3,127.54,155.87,211.16,202.2,247.15,198.61,218.605,298.665,206.385,234.12,202.135,204.91,213.23,262.335,253.06,245.38,231.265,197.62,206.42,265.09,261.53,264.165,256.615,271.125,272.015,284.025,288.035,307.185,301.695,313.175,303.295,359.33
        American Airlines,CAMR1U5 CMAN Curncy,PR005,PX_LAST,Dynamic,818.095,1008.7,864.98,740.83,669.85,688.22,844.275,1006.605,943.59,755.49,831.85,1309.805,1101.385,1287.48,1603.3,1504.76,1490.255,1731.795,1129.365,984.785,1048.525,848.77,846.575,783.21,845.075,710.535,746.045,754.72,728.79,625.52,682.95,786.37,921.54,924.675,1211.69,1329.29,1868.165,5020.365,3905.575,3847.88,9277.564,5761.06,4277.26,4461.085,1368.48,422.39,199.15,152.075,155,184.13,231.985,191.52,173.61,215.92,272.05,256.915,316.17,295.285,296.68,385.15,312.935,335.965,318.25,315.995,348.925,364.51,312.49,296.76,261.55,234.54,230.83,260.32,256.6,271.425,274.56,255.77,252.44,260.55,261.32,313.15,345.1,370,385,392.705
        Southwest Airlines,CLUV1U5 CMAN Curncy,PR005,PX_LAST,Dynamic,120.725,151.79,120.055,94.08501,96.77,92.7,109.795,118.775,112.49,106.245,100.045,115.805,94.38499,115.76,144.88,132.005,124.73,171.07,130.155,123.91,123.28,92.035,93.905,95,105.45,84.995,88.81,82.96,86.87,72.565,79.245,78.46,88.055,79.69,104.59,94.56,95.425,143.66,155.81,175.555,210.77,214.17,290.375,324.265,151.97,73.79,37.275,33.11,35.64,37.305,44.53,41.41,44.53,48.125,60.115,55.485,61.19,50.45,53.6,65.15,57.975,54.525,43.92,46.11,50.55,60.63,66.045,62.6,54.445,45.475,36.04,29.705,37.135,47.525,52,41.15,37.74,33.98,39.365,46.87,49.455,40.695,50.815,54.5
        Jet Blue Airlines,CT369308 CMAN Curncy,PR005,PX_LAST,Dynamic,562.6801,564.285,563.78,564.625,563.35,557.72,564.185,564.195,563.97,565.315,564.135,564.135,564.6801,565.15,564.875,559.535,555.995,558.935,557.64,495.555,434.93,436,432.85,392.635,416.64,392.94,384.9,353.92,353.88,353.44,354.22,403.35,388.14,554.61,556.965,562.71,600.005,669.59,732.865,730.325,784.725,148.805,145.84,157.89,178.285,97.715,63.115,60.69,62.775,63.57,74.225,87.565,75.59,83.74001,105.285,100.24,110.595,105.39,105.2,110.545,99.51,102.045,93.455,103.425,102,121.4,116.76,126.38,112.51,98.965,109.09,109.93,104.54,105.415,102.085,96.705,97.3,102.2,103.36,118.04,128.125,179.32,188.7,203.16
    Europe,,,,Average,212.2216667,257.75167,241.3083367,234.875,207.55,232.3016667,251.73,272.08,258.3316667,233.5033333,279.135,350.4033333,342.105,387.0116667,490.4733,433.2583333,472.985,441.2233333,324.855,339.1166667,292.6433333,260.0283333,235.6716667,256.7433333,265.9266667,233.2133333,215.8966667,218.8616667,214.7716667,205.8016667,232.99,240.7883333,253.7083333,266.3533333,307.7866667,248.4216667,251.0683333,527.4875,452.10625,375.1625,396.27125,335.61625,369.09,378.4925,305.30375,249.42875,200.4525,176.2575,182.37625,190.08,178.9125,156.41,158.38125,166.385,177.23125,149.44,159.73625,136.86,155.7325,191.2925,176.90375,188.2675,180.3425,178.3674975,170.005,196.925,194.17875,162.50875,164.18,168.28875,154.31875,171.01875,180.27,214.6362475,227.9775,232.11125,238.995,250.3787475,271.7,288.9750025,299.6112475,319.7675,333.63625,326.69375
        Air France-KLM,CAFR1E5 CMAN Curncy,PR005,PX_LAST,Dynamic,354.045,436.265,413.645,413.57,344.42,415.455,459.935,500.46,479.05,418.82,531.845,679.565,665.09,696.495,868.0699,751.22,858.545,745.28,557.285,616.58,532.385,463.46,415.58,457.305,412.885,417.495,381.72,352.56,342.675,321.005,381.215,385.165,417.365,444.935,548.55,431.365,439.34,955.97,783.06,583.37,610.215,467.245,585.715,593.9,487.775,424.955,281.09,209.35,213.3,226.275,225.7,196.38,218.16,248.105,288.84,213.15,254.67,202.54,202.075,293.965,267.51,301.18,284.795,285.775,280.82,358.185,358.625,249.805,210.55,193.865,156.925,178.495,181.32,175.335,201.13,205.335,223.385,265.7,309.56,357.975,336.73,371.58,380,321.44
        British Airways PLC,CBAB1E5 CMAN Curncy,PR005,PX_LAST,Dynamic,89.06,87.61501,78.49001,73.445,74.67,74.35,73.49,73.215,71.835,61.96,61.425,59.86,60,57.17,61,55.405,60.27,56.155,48.005,39.995,38.26,39.28,41.69,42.18,43.67,42.05,43.275,39.25,40.965,41.11,42.165,44.23,37.855,30.205,31.375,30.575,34.125,42.805,40.73,30.72,29.625,30.07,29.925,29.825,31.385,31.94,32.495,29.92,31.595,31.095,33.35,34.47,34.605,35.705,38.335,39.69,41.265,38.36,44.63,49.535,51.475,61.825,62.875,64.275,68.395,73.605,75,73.61,74.89,71.73,68.47,73.42,72.87,70.77499,74.925,72.425,72.21,70.86,77.73,89.85001,99.89999,113.11,100,106.5
        Deutsche Lufthansa AG,CLUFT1E5 CMAN Curncy,PR005,PX_LAST,Dynamic,193.56,249.375,231.79,217.61,203.56,207.1,221.765,242.565,224.11,219.73,244.135,311.785,301.225,407.37,542.35,493.15,500.14,522.235,369.275,360.775,307.285,277.345,249.745,270.745,341.225,240.095,222.695,264.775,260.675,255.29,275.59,292.97,305.905,323.92,343.435,283.325,279.74,402.325,400.875,296.57,351.17,312.28,362.99,397.68,239.65,108.31,73.225,53.2,59.115,68.655,74.77,67.805,64.14,64.17,67.81,58.825,54.58,48.195,56.93,80.315,85.47,91.795,82.64,79.02499,72.29,84,76.87,64.455,61.63,50.4,42.14,44.845,48.425,58.485,65.51,73.99,71.155,75.00999,85.195,95.925,111.175,120.58,133.47,149.5
        SAS AB,CSAS1E5 CMAN Curncy,PR005,PX_LAST,Dynamic,,,,,,,,,,,,,,,,,,,,,,,,,,,,,,,,,,,,,,708.85,583.76,589.99,594.075,532.87,497.73,492.565,462.405,432.51,415,412.56,425.495,434.295,381.83,326.985,316.62,317.56,313.94,286.095,288.43,258.345,319.295,341.355,303.16,298.27,291.06,284.395,258.515,271.91,266.22,262.165,309.65,357.16,349.74,387.315,418.465,553.95,570.345,576.695,589.23,589.945,614.315,612.15,650.64,673.8,721.075,729.335
    Asia,,,,Average,101.055,109.2225,99.535,94.155,88.1575,98.6625,100.8775,108.325,112.432505,105.88,103.4575,131.42,137.895,160.875,174.1125,168.3675,185.79,192.6325,156.7925,150.85,144.345,149.105,141.6625,129.8725,129.6125,106.4575,108.3,107.6575,106.5425,104.605,110.5725,117.0325,119.485,121.445,132.9725,119.3,125.1625,163.6175,176.1725,177.07,173.6075,158.865,217.16,210.845,245.25,64.03,51.23,51.350005,53.5875,56.05,58.0675,54.5325,55.4,60.187495,64.3325,57.445,62.325,61.855,72.625,87.15,75.1625,69.67,67.347505,64.87,67.987495,67.1725,64.0725,62.9475,62.3825,57.212495,58.5125,62.32,64.3675,64.825,66.4675,66.1025,70.79,74.9975,81.8675,83.3075,83.8125,81.3025,93.75,94.855
        All Nipon Airways,CANA1J5 CMAN Curncy,PR005,PX_LAST,Dynamic,55.42,61.19,57.57,54.69,48.23,53.44,55.925,66.98,72.22501,63.99,59.07,78.44,86.74,115.39,151.94,148.825,169.19,188.755,130.4,126.54,117.26,125.005,121.025,99.635,107.125,56.735,60.47,57.265,56.39,51.285,65.9,78.425,82.21,85.53,102.6,87.185,92.39,133.96,139.755,155.345,145,121.515,144.305,128.665,145,42.845,30.225,29.085,32.11,33.65,32.675,28.94,30.375,32.225,35.78,30.715,34.945,35.635,39.94,53.405,39.495,37.205,34.735,36.47,37.575,35.61,35.505,37.415,36.055,34.665,35.355,36.365,36.53,36.36,36.39,36.26,34.365,34.5,35.84,39.88,40.625,37,38.5,35
        Japan Airlines Corp,CJAL1J5 CBGN Curncy,PR005,PX_LAST,Dynamic,,,,,,,,,,,,,,,,,,,,,,,,,,,,,,,,,,,,,,,,,,,,,,,,,,,,,,,,,,,,,,,,,,,,,,,,,,,,,,,,,,,,
        Qantas Airways,CQTAS1U5 CMAN Curncy,PR005,PX_LAST,Dynamic,146.69,157.255,141.5,133.62,128.085,143.885,145.83,149.67,152.64,147.77,147.845,184.4,189.05,206.36,196.285,187.91,202.39,196.51,183.185,175.16,171.43,173.205,162.3,160.11,152.1,156.18,156.13,158.05,156.695,157.925,155.245,155.64,156.76,157.36,163.345,151.415,157.935,193.275,212.59,198.795,202.215,196.215,290.015,293.025,345.5,85.215,72.235,73.61501,75.065,78.45,83.46,80.125,80.425,88.14999,92.885,84.175,89.705,88.075,105.31,120.895,110.83,102.135,99.96001,93.27,98.39999,98.735,92.64,88.48,88.71,79.75999,81.67,88.275,92.205,93.29,96.545,95.945,107.215,115.495,127.895,126.735,127,125.605,149,154.71
    Middle East / Africa,,,,Average,107.34,126.455,101.35,90.045,97.48,103.535,117.785,109.21,113.3,100.875,111.305,117.26,141.795,170.7,168.5,166.77,193.845,176.69,179.495,151.02,145.51,159.225,154.885,145.995,174.555,171.705,178.05,174.79,175.955,140.6,144.685,141.025,163.685,165.08,180.55,176.905,186.32,229.825,253.91,296.405,328.78,363.36,415.855,321.07,322.935,153.345,128.29,120.235,126.57,144.33,150.515,140.635,140.695,150.465,153.29,189.545,182.95,173.735,175.765,179.38,173.335,167.44,188.495,190.155,192.34,181.23,166.765,150.835,114.185,114.185,125.37,139.62,143.64,130.43,130.56,128.44,130.515,130.475,118.33,114.24,123.44,134.59,143.795,153.96
        Emirates Airline,CT975941 CMAN Curncy,PR005,PX_LAST,Dynamic,107.34,126.455,101.35,90.045,97.48,103.535,117.785,109.21,113.3,100.875,111.305,117.26,141.795,170.7,168.5,166.77,193.845,176.69,179.495,151.02,145.51,159.225,154.885,145.995,174.555,171.705,178.05,174.79,175.955,140.6,144.685,141.025,163.685,165.08,180.55,176.905,186.32,229.825,253.91,296.405,328.78,363.36,415.855,321.07,322.935,153.345,128.29,120.235,126.57,144.33,150.515,140.635,140.695,150.465,153.29,189.545,182.95,173.735,175.765,179.38,173.335,167.44,188.495,190.155,192.34,181.23,166.765,150.835,114.185,114.185,125.37,139.62,143.64,130.43,130.56,128.44,130.515,130.475,118.33,114.24,123.44,134.59,143.795,153.96
,,,,Static,,,,,,,,,,,,,,,,,,,,,,,,,,,,,,,,,,,,,,,,,,,,,,,,,,,,,,,,,,,,,,,,,,,,,,,,,,,,,,,,,,,,
Stored Fleet,,,,Heading,,,,,,,,,,,,,,,,,,,,,,,,,,,,,,,,,,,,,,,,,,,,,,,,,,,,,,,,,,,,,,,,,,,,,,,,,,,,,,,,,,,,
% of Total Fleet Stored,,,,Heading,,,,,,,,,,,,,,,,,,,,,,,,,,,,,,,,,,,,,,,,,,,,,,,,,,,,,,,,,,,,,,,,,,,,,,,,,,,,,,,,,,,,
    Boeing,,,,Heading,,,,,,,,,,,,,,,,,,,,,,,,,,,,,,,,,,,,,,,,,,,,,,,,,,,,,,,,,,,,,,,,,,,,,,,,,,,,,,,,,,,,
        737 Classic,PCFS737C Index,PR005,PX_LAST,Dynamic,,33.93,34.96,36.19,37.13,39.89,42.33,44.98,45.55,42.6,40.18,38.66,41.27,38.04,36.72,35.06,35.28,35.91,36.27,37.04,36.69222344,37.75,36.42,36.2,36.68831169,36.35,35.71,36.63,36.41,36.48,36.97,38.06,38.34,39.38,38.05,37.55,38.8,36.68,37.62,38.66,41.6,43.23,47.88,51,48.76,25.83,26.29,25.08,24.62,25.08,23.33,22.7,23.08,24.82,26.55,26.15,25.95,26.07,25.92,24.88,25.22,23.43,22.14,22.15,23.87,25.19,26.2,27.1,27.85,27.57,28.08,28.64,29,29.2,29.8,25.2,22.7,22.1,23.4,23.9,24.6,25.15,24.98,26.17
        737NG,PCFS737N Index,PR005,PX_LAST,Dynamic,,5.26,5.59,6.03,6.44,7.47,9.73,11.05,10.8,10.68,10.94,10.99,13.27,12.01,10.72,10.82,11.19,13.35,14.81,17.04,26.87747036,12.44,11.94,12.21,12.48341931,12.66,12.88,13.87,14.62,15.44,17.33,18.96,20.1,21.03,20.4,16.96,19.35,17.58,18.5,19.18,20.76,30.47,46.93,54,44.47,3.03,2.21,2.16,2.3,2.14,1.79,1.98,2.08,2.37,2.74,3.29,3.09,2.48,1.87,1.7,1.75,1.65,1.4,1.16,1.13,1.24,1.32,1.56,1.69,1.64,1.6,1.71,1.6,1.4,1.3,1.4,1.4,1.4,1.7,1.7,1.8,1.6,1.37,1.47
        737 Max,PCFSMB7M Index,PR005,PX_LAST,Dynamic,,2.92,2.74,3.23,3.91,5.2,7.9,9.85,12.35,14.48,15.74,15.57,16.43,17.18,17.6,18.18,19.63,21.64,22.8,23.41,25.24,27.8,27.2,27.3,30.5,34,36.4,38.4,40.9,49.1,58.4,72.6,66.3,81.6,89.5,95.4,100,100,100,100,100,100,100,100,100,100,100,100,100,100,100,100,100,100,100,100,100,4,4.297994,3.647416,2.158273,0.416667,0.456621,0.507614,0,0,0,0,0,0,2.5,6.756757,8.163265,8.823529,13.333333,50,54.545455,16.666667,,,,,,
        747-400,PCFSB747 Index,PR005,PX_LAST,Dynamic,,24.34,24.59,25.49,25.82,27.12,27.78,29.08,28.01,29.45,28.48,25.4,25.64,25.32,25,27.24,27.16,28.34,28.16,28.71,24.12698413,21.2,21.52,19.3,19.93670886,21.2,22.26,23.51,24.69,26.91,26.97,29.25,30.15,29.94,29.18,27.96,32.57,32.48,35.81,36.41,37.4,38.24,40.21,44,44.62,17.02,13.21,11.43,12.5,12.69,12.18,11.17,13.32,15.52,15.4,15.78,15.25,15.46,16.07,16.03,15.75,16.86,17.18,15.76,17.59,19.77,19.86,22.49,22.49,24.46,23.54,23.29,23,22.8,19.7,19.9,20.3,20,19.6,19.8,19.8,18.29,18.83,19.48
        767-300ER,PCFSB767 Index,PR005,PX_LAST,Dynamic,,10.56,11.68,11.94,12.8,12.97,15.41,16.88,16.88,16.6,15.61,16.53,17.81,17.44,16.34,16.24,16.29,17.76,17.33,18.21,17.61363636,17.09,16.38,16.48,17.63869132,17.09,17.38,17.69,18.69,20.26,21.6,23.39,25.75,26.9,26.9,26.18,27.91,29.35,30.26,31.27,32.47,34.1,38.18,41.41,34.49,6.51,6.39,5.81,6.38,5.96,6.55,6.85,6.58,7.58,7.74,8.18,8.83,9.54,9.78,7.65,8.46,8.29,8.3,8.58,8.61,8.31,8.19,9.5,9.22,8.67,8.82,9.9,10.4,10.1,8.7,8.2,8.7,9.2,10.4,10.1,10.9,10.67,10.51,10.48
777,PCFSB777 Index,PR005,PX_LAST,Dynamic,,12.45,12.86,13.07,14.88,15.54,17.32,19.2,18.18,18.66,18.71,19.2,20.12,20.5,20.5,21.62,22.31,23.6,24.42,27.3,27.34931951,26.12,25.73,25.92,26.26459144,27.07,27.61,27.36,28.37,29.32,30.71,31.84,30.98,32.3,28.09,27.07,27.93,28.39,29.66,30.95,32.16,32.94,38.34,48.4,53.37,8.06,5.2,5.27,5.01,4.83,4.92,4.92,5.18,5.77,6.12,7.91,5.28,4.77,4.64,4.97,4.84,4.99,4.78,4.67,4.55,5.08,5.84,6.8,6.67,6.35,5.61,5.5,6,5.9,5.3,4.6,4.3,4.2,4.5,4.4,4.6,4.14,3.65,4
        MD11,PCFSMD11 Index,PR005,PX_LAST,Dynamic,,27.5,26.67,27.5,26.67,30,25.83,20.83,16.67,15.83,17.5,10,9.17,7.5,6.67,7.5,7.5,7.5,6.67,8.33,8.26446281,7.44,8.26,8.26,9.090909091,9.92,9.17,9.17,9.17,10.83,10,10.83,10.83,10.83,10.83,10.01,9.17,10.01,12.5,13.22,12.4,12.4,12.3,14.6,13.93,11.48,8.94,7.32,6.5,5.69,5.69,4.88,4.03,6.35,5.56,5.56,4.76,3.97,4.72,4.72,4.72,4.72,9.7,9.7,9.7,9.7,9.7,10.37,13.14,15.11,14.49,13.04,13,13.7,16.8,16.8,17.2,17.2,16.4,16.4,18.5,17.12,18.92,18.92
        MD80,PCFSMD80 Index,PR005,PX_LAST,Dynamic,,60.71,57.81,57.65,58.43,59.53,59.92,60.31,60.94,60.55,61.92,63.98,64.02,62.22,62.41,62.36,62.87,63.64,60.74,63.31,61.39705882,60.66,61.4,61.4,60.74074074,61.72,61.37,62.95,64.77,65.96,68.07,68.66,67.62,68.99,68.88,68.18,70.21,70.89,71.58,75.6,76.58,73.27,66.96,67.3,65.55,52.45,52.4,48.96,49.31,49.86,48.48,42.97,40.62,38.44,41.22,41.5,40.92,40.82,40.38,38.35,38.26,32.94,33.18,30.32,30.02,29.98,30,31.15,31.25,29.83,28.78,28.57,28.8,29,28.2,29.1,28.3,30,30.9,31.3,32.3,31.54,31.06,31.69
        MD90,PCFSMD90 Index,PR005,PX_LAST,Dynamic,,100,100,100,100,100,100,100,100,100,100,100,100,100,100,100,100,100,100,100,100,100,100,100,100,100,100,100,100,100,100,100,100,100,100,100,100,100,100,100,100,100,96.15,76.92,57.69,0,0,0,15.15,15.15,12.12,5.88,0,0,0,0,0,0,0,0,0,0,0,0,0,0,0,0,0,3.33,0,1.59,1.6,3.1,1.6,0,0,0,0,0,0,0,0,0
787,PCFSB787 Index,PR005,PX_LAST,Dynamic,,3.26,3.46,3.49,3.7,3.9,4.67,5.64,5.77,5.61,6.37,7.63,9.91,8.99,7.5,7.56,8.36,10.22,9.89,11.69,9.495548961,9.32,10.01,10.7,11.7938553,12.88,12.98,13.28,12.69,13.1,14.9,14.66,16.16,17.22,16.01,16.11,19.34,21.75,23.64,26.25,26.35,29.82,37.2,49.13,59.55,10.02,4.12,4.79,4.24,3.85,4.01,4.3,4.7,4.88,4.52,4.94,3.18,3.62,4.68,5.11,5.48,7.41,4.3,3.58,4.59,6.05,7.49,4.1,2.52,2.58,2.31,2.03,2.1,1.6,1.5,1.5,1.4,1.4,1.4,1.5,1.7,1.34,1.36,1.39
    Airbus,,,,Heading,,,,,,,,,,,,,,,,,,,,,,,,,,,,,,,,,,,,,,,,,,,,,,,,,,,,,,,,,,,,,,,,,,,,,,,,,,,,,,,,,,,,
        A220-100,PCFSA221 Index,PR005,PX_LAST,Dynamic,,12.9,8.2,8.2,9.84,11.67,11.67,15,13.33,11.48,13.11,13.1,13.11,11.48,10,10,10,10,11.67,8.33,8.333333333,12.07,10.53,7.27,7.272727273,9.09,10.91,12.73,12.73,12.73,21.82,27.27,27.27,29.63,35.09,30.36,32.14,30.36,16.33,14.04,14.04,20.97,26.87,25.76,14.29,14.55,14.81,14.81,15.09,15.69,16.67,17.39,18.18,21.05,22.22,23.53,25.81,27.59,27.59,30.77,30.77,30.77,30.77,30.77,30.77,21.74,21.74,21.74,21.74,21.74,21.74,21.74,21.74,21.74,21.74,21.74,21.74,19.05,20,21.05,22.22,22.22,22.22,
        A220-300,PCFSA223 Index,PR005,PX_LAST,Dynamic,,17.43,8.97,11.3,14.8,15.74,20.75,18.66,19.7,18.69,18.46,17.1,17.84,15.64,14.29,14.62,12.87,13.86,12.5,16.03,11.84210526,12.75,12.33,11.64,7.913669065,8.33,8.46,6.35,10.74,10.26,18.75,15.74,18.1,17.65,16.83,15.15,13.98,10,10.59,14.74,21,33.9,41.54,40.63,9.64,8.86,8.97,5.88,4.69,4.84,5.17,1.82,1.82,1.82,1.89,1.92,2,2.04,2.04,2.27,2.38,2.44,2.63,2.86,3.03,3.33,3.7,4,4.76,5,5,5.88,6.67,7.14,7.14,8.33,10,0,0,0,0,0,0,
        A320 Classic,PCFS320C Index,PR005,PX_LAST,Dynamic,,15.02,14.94,15.32,16.97,17.53,21.34,23.06,22,22.2,21.49,20.48,22.87,20.74,19.39,18.23,20.77,20.95,23.73,25.24,25.55555556,27.74,29.11,29.34,28.73,29.84,30.15,31.29,31.67,34.01,35.84,39.36,42.4,48.17,47.72,42.61,45.25,42.06,40.61,40.23,41.55,50.95,66.86,64.64,52.78,6.12,6.07,6.56,6.89,6.98,7.06,6.06,6.04,5.62,6.13,6.66,5.4,4.73,4.71,4.83,5.33,4.67,4,6.01,3.7,4.35,4.47,4.7,4.43,4.58,3.99,5.1,4.5,4.1,3.7,4.4,6.2,7,6.7,7,7.6,11.83,11.15,11.79
        A320NG,PCFS320N Index,PR005,PX_LAST,Dynamic,,9.36,7.45,7.72,8.05,9.32,11.35,12.03,12.46,12.62,12.78,12.79,15.28,14.43,13.01,12.72,13.2,14.15,15.31,17.4,17.88208357,14.07,17.44,17.82,18.09,18.45,19.81,19.73,20.3,21.57,23.52,25.62,27.43,29.56,29.16,26.31,29.74,24.98,25.27,25.77,27.3633,36.05,55,72.46,55.24,4.74,3.12,3.03,3.17,3.18,2.95,2.56,2.59,2.93,3.32,3.7,3.24,3.19,2.84,2.7,2.58,2.1,1.55,1.61,1.64,1.7,2.23,2.83,3.24,3.61,3.35,3.13,3,2.7,1.4,1.5,1.6,1.7,1.8,2.1,2.4,1.77,1.64,1.4
        A330,PCFSA330 Index,PR005,PX_LAST,Dynamic,,17.34,17.34,17.54,17.98,19.72,22.54,23.74,25.07,25.88,26.34,27.2,31.5,30.01,27.58,26.13,27.36,28.67,29.53,31.96,30.2407932,28.92,29.77,29.41,29.67,31.72,32.86,32.76,34.51,36.47,38.12,39.19,41.31,41.37,39.21,37.95,41.48,41.48,42.16,43.24,42.64,44.55,53.36,65,69.09,16.74,8.91,7.84,7.38,7.23,6.89,5.55,5.07,5.51,6.24,6.69,6.41,5.34,5.2,5.42,5.02,4.89,4.82,4.53,5.05,4.71,5.23,5.39,5.77,5.95,6.17,5.29,5.5,5.5,4.8,3.9,4.3,4.8,5.1,5.8,6.4,6.76,6.79,6.79
        A340,PCFSA340 Index,PR005,PX_LAST,Dynamic,,50.3,50,51.74,52.33,55.75,59.2,60.92,59.77,62.22,62.57,61.45,62.01,60.69,58.05,56.25,56.74,58.99,58.33,61.88,57.06214689,61.11,59.44,57.78,57.22222222,56.11,58.15,59.24,58.29,58.29,62.03,63.1,63.64,65.43,66.49,63.73,63.13,61.5,65,62.69,61.5,59.8,63.68,71.1,69.95,34.27,33.33,31.96,30.59,33.19,31,30.43,30.57,30.13,29.69,31.62,30.25,30.71,28.98,28.16,28.86,27.76,28.05,25.91,25.2,25.51,25.2,25.5,27.78,28.35,28.35,29.28,30.8,30.9,30.5,30.1,28.3,27.7,28.3,28.2,28.8,27.43,27.34,26.9
        A350,PCFSA350 Index,PR005,PX_LAST,Dynamic,,4.59,4.29,5.23,5.61,6.61,9.67,10.13,11.15,12.9,13.64,15.78,16.09,16.21,15.75,13.72,14.83,16.77,17.45,20.78,19.375,17.65,17.06,17.42,16.70378619,16.78,17.71,16.44,17.19,18.18,17.95,19.01,16.67,18.69,18.54,18.34,17.71,22.34,24.61,21.66,21.45,24.73,36.04,47.54,59.62,7.182320442,4.815864023,4.843304843,5.373134328,4.938271605,3.481012658,2.631578947,2.675585284,2.397260274,2.473498233,1.851851852,1.526717557,1.57480315,1.632653061,2.916666667,1.754385965,1.843317972,2.403846154,2.02020202,2.590673575,2.673796791,2.234636872,2.325581395,2.43902439,2.51572327,3.311258278,3.401360544,2.898550725,3.149606299,3.361344538,4.464285714,5.714285714,4.04040404,3.296703297,3.488372093,3.658536585,4,4.285714286,
        A380,PCFSA380 Index,PR005,PX_LAST,Dynamic,,33.48,33.91,34.19,35.04,38.3,40.85,43.22,44.49,44.12,44.54,45.38,47.06,47.5,49.79,47.72,50.62,54.36,58.44,60.49,59.67078189,62.55,65.43,66.26,70.53941909,76.76,80.66,83.13,84.77,86.01,87.19,87.97,90.04,90.87,89.67,90.57,91.23,93.33,91.67,92.5,92.92,97.51,97.08,97.9,92.5,5.39,2.49,1.66,1.67,1.68,2.51,2.1,0.84,1.27,3.39,4.7,0.85,0.86,0.86,0.86,0.87,0.87,0.87,1.32,2.17,3.49,3.96,3.52,1.79,1.79,2.24,1.79,1.8,0.9,0.9,0.5,1.4,1.4,1.4,1.4,1.4,0.95,0.95,1.42
    Bombardier,,,,Heading,,,,,,,,,,,,,,,,,,,,,,,,,,,,,,,,,,,,,,,,,,,,,,,,,,,,,,,,,,,,,,,,,,,,,,,,,,,,,,,,,,,,
        CRJ100/200,PCFSC100 Index,PR005,PX_LAST,Dynamic,,49.58,49.08,48.16,49.01,50.98,52.09,53.2,51.45,51.56,52.2,50.13,49.67,47.49,44.2,43.21,43.35,42.03,39.74,40.34,37.69633508,37.16,36.93,36.62,36.82170543,37.34,37.21,37.6,37.42,39.21,39.62,40.7,41.28,41.44,42.16,42.36,41.95,43,44.5,47,50.99,52.04,53.64,48.95,42.72,29.71,30.4,30.3,28.69,28.69,29.16,28.62,28.54,28.66,27.76,27.43,27.52,27.32,27.2,26.25,26.37,27.22,26.6,26.47,27.58,27.69,27.74,27.06,27.66,29.78,29.99,28.16,28.3,28.6,28.2,29.1,29.7,30.1,31.7,32.5,32.3,30.82,30.2,29.71
        CRJ900,PCFSC900 Index,PR005,PX_LAST,Dynamic,,14.2,14.81,15.23,15.43,17.04,18.28,18.89,16.22,14.99,15.4,14.99,20.04,20.29,18.44,15.78,16.19,16.39,16.16,17.62,17.79141104,16.77,14.11,14.52,13.67346939,13.06,13.67,16.06,17.48,18.09,21.54,21.95,22.97,24.59,20.45,17.83,17.36,19.25,20.17,21.09,27.31,38.45,50.21,51.68,34.87,3.8,4.24,3.4,4.07,4.07,4.31,2.81,2.83,3.48,3.73,3.97,4.01,4.24,4.7,4.71,4.95,4.75,3.63,3.19,3.42,3.42,3.42,3.66,3.66,2.53,3.35,3.59,3.8,3.9,3.6,3.4,2.7,2.7,2.9,3.4,4.2,5.2,3.02,0.76
    Embraer,,,,Heading,,,,,,,,,,,,,,,,,,,,,,,,,,,,,,,,,,,,,,,,,,,,,,,,,,,,,,,,,,,,,,,,,,,,,,,,,,,,,,,,,,,,
        ERJ-135,PCFSE135 Index,PR005,PX_LAST,Dynamic,,11.14,10.87,10.6,12.7,15.45,18.97,20.6,22.37,22.64,22.64,22.31,22.85,17.2,11.02,10.48,11.56,12.9,10.48,11.56,6.720430108,8.33,8.06,7.8,7.795698925,8.33,8.38,8.63,9.14,8.33,9.12,9.12,9.38,8.85,8.31,8.58,8.04,8.04,8.04,8.85,9.65,11.8,13.98,13.17,16.04,5.61,5.35,6.15,5.91,5.66,6.2,6.7,6.7,6.7,7.24,7.8,10.4,10.64,10.11,10.64,11.49,11.49,11.26,10.5,10.24,12.11,12.14,12.4,11.87,11.878,13.58,13.05,12.8,15.8,15.3,14.6,14.9,14.9,14.9,14.9,14.7,14.73,14.21,13.95
        ERJ-145,PCFSE145 Index,PR005,PX_LAST,Dynamic,,37.36,38.73,39.16,39.45,40.69,42.16,41.26,40.65,39.93,39.68,40.39,42.11,40.07,39.61,39.25,38.37,38.54,37.23,38.48,37.03703704,36.32,36.38,37.43,36.73110721,35.68,37.08,36.38,36.49,37.54,39.51,39.83,42.05,43.43,43.64,44.96,46.67,48.21,50.42,47.14,48.74,49.41,53.63,58.96,50,19.63,19.44,20.1,21.04,20.94,21.59,22.2,22.33,22.29,22.62,23.99,24.12,23.43,21.99,22.56,23.04,23.32,23.84,24.72,25.16,25.79,27.01,27.17,26.97,27.13,27.8,28.44,28.9,28.5,28.6,28.5,24.9,26.6,28.7,27.7,26.8,24.92,24.3,24.53
        E-Jet 170,PCFSE170 Index,PR005,PX_LAST,Dynamic,,14.29,14.29,15.43,17.28,18.4,20.25,22.09,20.25,19.63,21.34,23.78,25.61,24.29,20.12,21.95,21.34,18.29,21.34,19.51,19.51219512,18.9,19.51,19.75,20.12195122,19.51,18.9,19.51,21.34,20.73,21.34,21.34,23.17,21.34,21.34,20.73,23.78,33.54,35.98,35.37,40.61,55.76,65.45,66.27,42.51,10.06,11.7,9.88,6.36,8.05,8.62,7.47,7.43,6.86,7.43,10.11,10.11,10.11,10.05,10.44,11.96,10.33,9.73,11.29,11.76,11.23,10.7,11.64,12.7,13.23,15.18,15.18,16.8,17.3,18.3,18.8,19.9,19.9,21.5,19.9,21.5,20.42,20.94,20.42
        E-Jet 190,PCFSE190 Index,PR005,PX_LAST,Dynamic,,15.58,15.7,16.37,16.75,19.44,22.26,22.61,22.26,22.53,23.01,23.01,27.83,27.26,24.26,21.93,23.66,24.39,26.38,27.29,26.55172414,27.19,28.06,28.23,26.33390706,26.68,26.16,27.84,29.04,32.47,33.62,33.79,36.77,39.24,39.83,36.79,39.03,41.7,44.64,44.71,50.26,54.86,62.96,64.5,56.6,12.67,12.03,11.34,10.88,10.54,10.36,8.13,8.49,8.16,6.79,7.84,7.49,7.68,7.29,6.6,6.32,6.33,6.15,5.62,6.3,6.48,7.03,7.57,7.42,7.61,6.93,6.39,7,7.3,7.9,8.1,8.1,8.3,8.3,8.1,7.8,7.4,7.22,6.49
        E-Jet 195,PCFSE195 Index,PR005,PX_LAST,Dynamic,,6.56,7.85,9.21,11.11,12.88,15.28,18.94,16.81,16.44,19.2,20.36,19.81,18.96,18.1,19.62,20.1,20.1,20.67,19.71,19.90291262,20.49,19.12,19.12,18.31683168,15,11,12.56,13.64,19.8,21.24,21.99,23.16,26.2,22.16,21.74,20.44,22.22,27.37,33.52,31.84,51.4,74.86,78.77,73.18,8.94,7.87,6.18,4.6,4.68,3.51,2.94,2.35,4.12,4.12,5.29,4.76,4.76,5.36,4.76,5.42,6.06,6.06,6.06,6.06,7.27,9.15,7.36,5.52,5.52,4.29,4.29,5,4.4,5.1,4.5,5.1,6.4,7,7,4.5,2.58,1.95,1.31
    Source: Cirium (formerly Ascend),,,,Heading,,,,,,,,,,,,,,,,,,,,,,,,,,,,,,,,,,,,,,,,,,,,,,,,,,,,,,,,,,,,,,,,,,,,,,,,,,,,,,,,,,,,
,,,,Static,,,,,,,,,,,,,,,,,,,,,,,,,,,,,,,,,,,,,,,,,,,,,,,,,,,,,,,,,,,,,,,,,,,,,,,,,,,,,,,,,,,,
Business Jet Activity,,,,Heading,,,,,,,,,,,,,,,,,,,,,,,,,,,,,,,,,,,,,,,,,,,,,,,,,,,,,,,,,,,,,,,,,,,,,,,,,,,,,,,,,,,,
Monthly Trends (Flights - actual),AEROBMTA Index,PR005,PX_LAST,Dynamic,,,424906,422236,413462,428102,446806,432482,450536,396146,410146,427326,437452,467328,445926,443560,432792,450206,473042,476016,492664,415990,407152,459058,477342,496238,449154,448138,456088,438584,421562,402464,411182,313862,325856,328914,311496,346864,316022,318026,307218,280714,192926,97742,278300,359568,363402,375576,368566,401880,373362,384038,370078,369474,392716,389114,394684,353508,360924,354452,387060,402306,367528,390592,364714,376430,391594,380586,395808,355904,353994,352114,383546,400728,387788,385844,361778,375288,384882,374200,386464,343368,347614,346330
    Domestic,AEROBMDA Index,PR005,PX_LAST,Dynamic,,,368388,362910,349292,363440,379868,363492,376892,334066,342222,357666,372284,407108,388060,381670,366962,382244,403764,402982,415274,353248,346468,390574,410554,434386,394386,391248,396246,384866,367420,345988,354818,273442,277142,278054,269620,308138,280788,278522,267628,252836,175068,85032,228906,303900,304656,316880,313090,348080,320278,330448,313026,309024,332332,325482,328314,297578,302046,297112,326598,347322,315776,335052,307720,316182,330942,320610,329128,300924,297162,295048,325046,345830,335710,330508,304052,315106,324304,313664,322960,289696,291776,289872
    International,AEROBMIA Index,PR005,PX_LAST,Dynamic,,,56518,59326,64170,64662,66938,68990,73644,62080,67924,69660,65168,60220,57866,61890,65830,67962,69278,73034,77390,62742,60684,68484,66788,61852,54768,56890,59842,53718,54142,56476,56364,40420,48714,50860,41876,38726,35234,39504,39590,27878,17858,12710,49394,55668,58746,58696,55476,53800,53084,53590,57052,60450,60384,63632,66370,55930,58878,57340,60462,54984,51752,55540,56994,60248,60652,59976,66680,54980,56832,57066,58500,54898,52078,55336,57726,60182,60578,60536,63504,53672,55838,56458
Overall Trends (Flights - actual),AER1BTAT Index,PR005,PX_LAST,Dynamic,,,,,,,,,,,,5369454,,,,,,,,,,,,5099528,,,,,,,,,,,,3501192,,,,,,,,,,,,4533920,,,,,,,,,,,,4520968,,,,,,,,,,,,4483614,,,,,,,,,,,,4349740
Source: FAA,,,,Heading,,,,,,,,,,,,,,,,,,,,,,,,,,,,,,,,,,,,,,,,,,,,,,,,,,,,,,,,,,,,,,,,,,,,,,,,,,,,,,,,,,,,